id,class
B5838F3D73,0
176CB0DE95,0
4BE6DFF18B,0
0336FA0322,0
C415C04F50,0
7000E8FB61,0
45D7BB6117,0
4318710884,0
E2430869CF,0
57134D9B71,0
DE293981F6,0
F61B1BB71B,0
65BF2008F2,0
D608B2F8EA,0
6405326438,0
75FAA1BA1B,0
C30AD8A4A8,0
64F2DDA0AA,0
6E962DAF7F,0
4765841B3C,0
179DB57CE2,0
767EC89E7B,0
53196A08B7,0
A595081686,0
94CFFD34C6,0
9B1927E112,0
00CECD2708,0
538CFE6771,0
F187E09CD7,0
717E305DBA,0
9B563E666C,0
3A3A747A61,0
A43A8BE8B0,0
0E774B0EFE,0
4296D798EE,0
3DF65C56B4,0
CF6636D979,0
3773AAE60F,0
37E43239D9,0
464A300EE0,0
0158CDF991,0
26CF244858,0
F1FB9BD260,0
2C5D892869,0
521E693C46,0
BE97527F24,0
B9CA8A32DF,0
C3C880EF02,0
4DD6718F6F,0
27CF23AB3C,0
46F41217A1,0
4E264727D7,0
A044294D03,0
EBE9C7DC11,0
89F11A1583,0
864875FBBE,0
0F1AF32C93,0
1EF5FCF7BB,0
32A1FDCCA5,0
5C47D38531,0
F1A140E07B,0
0F81941C18,0
45C81E37B6,0
8B0CB98C5C,0
6247D7FCC7,0
6EC0AE705C,0
40AE4430D5,0
CD5A8856CF,0
D16FAB0C67,0
CC487EB3FA,0
C574183F0C,0
37CB8284E5,0
8E8DBF8BCF,0
39F36CD5CE,0
CEA1BAF3FD,0
BBB52E38C3,0
2E0B6E1A37,0
BF1D3224B2,0
03FA0DF389,0
01F03AFBFF,0
FDBBFB374B,0
A9143FD0AE,0
05835748A6,0
06C1A5D7F1,0
D1D54C7679,0
C22F6173D7,0
1C7CAA6675,0
D0F620BA98,0
759E1034C2,0
8C15F15BFE,0
79238F26A6,0
796805FC8D,0
665B409AA0,0
ABA2AB52B9,0
8C920CE63A,0
911995A7BB,0
C2ADD7C478,0
A772C33ACC,0
2C5DAF4812,0
70BBCCA162,0
17643935EA,0
416D521441,0
6A2AF78282,0
3E50C93D7D,0
2D3D9A3F59,0
AD228F7669,0
6029B72300,0
FE7571BBC1,0
8E4CB88CC5,0
C18C7E50D2,0
40366589C4,0
063C98F745,0
995C7B8D1E,0
7F181EDA25,0
01693B60FE,0
62F7D4467D,0
7042FD42EA,0
FF62AE7D8D,0
CC3137D213,0
5A408C6649,0
D83B73195D,0
F421E3CB34,0
2973205547,0
6E953384B2,0
58F41EE5BC,0
7C3A14C530,0
8C3961969E,0
D5775312BA,0
434941CB07,0
589C273545,0
84B0E2153E,0
23ABA5AC47,0
A450FE11D5,0
59DB41383B,0
54DF054859,0
6FEA832874,0
FC072E93FE,0
BD5451DF52,0
84353EE4DB,0
EAF9ED2E0D,0
BA98021FA5,0
5EBC1122F9,0
D3D911F948,0
030D460C87,0
670514AFCC,0
BECC3BBD17,0
CCE602336F,0
29EC8E2C3E,0
555F8536D8,0
4BA7ADB747,0
182DF51AF2,0
FCED87FC66,0
BF9E70AFF9,0
3CE105CDCE,0
5138BADA49,0
883538D253,0
808B09916A,0
128B157A7C,0
067AB43185,0
E2BDD9164C,0
11DCA97731,0
1D1A5C997D,0
08E1BA4B4B,0
4DE7B7E5C9,0
98DFCDCDF5,0
FC4286FA19,0
025D0E8105,0
798013C730,0
9E93633EC5,0
11417923C1,0
93AC3DA7A9,0
697C12FB69,0
A2FBBCE882,0
130ACCD7F4,0
B7141FBE9E,0
BE2CA92827,0
7B0702E9FD,0
66A1C2B33C,0
153F77E255,0
99A4217569,0
22913884E4,0
C19DB34416,0
61F0DA5DF2,0
D10ED99F97,0
29B9DC6F6A,0
86B9F51B85,0
F86382F03A,0
B7C62F06E0,0
E7AE487D2D,0
5D8FC85BC6,0
BF6A21B516,0
8CA573420D,0
B63DAB3AD8,0
3363E12CE8,0
299878E723,0
7309305DB4,0
D916A67DAF,0
573A0A9653,0
E48ECD7FB5,0
F9F8F01AD0,0
322681980E,0
FA228FC0CF,0
1D7CC17833,0
56A4659066,0
E37060B377,0
FEE3BE9A0C,0
6C946CC20B,0
6D32029E0C,0
5D24B9F7C4,0
0B5840229C,0
6DA96CC726,0
11806D76AD,0
245B736A2A,0
006F8606F6,0
1F74D6608F,0
C87E3F6C8A,0
7344C88005,0
40FD801394,0
B700AC2705,0
4943D43A89,0
EBEDB1DF7B,0
D5DC1D9EB8,0
87A4969FED,0
61B0E5C347,0
1D5632D249,0
FD7D1D9503,0
89BB0929A5,0
6F359C960F,0
958E1D13DE,0
6E9F7168A6,0
FAC04BFD86,0
9CC0364979,0
3D441D0702,0
129970B6FE,0
FF70B5A6CB,0
BDAFB65A2A,0
C3D8B23B69,0
B17256020C,0
3BB7D6834C,0
95E877744F,0
EFEFE3ACC4,0
3FF56F59D3,0
D8DC2E8B30,0
8A1BE95669,0
6C6AA226F1,0
A4E04413DD,0
5A10112C9B,0
BF61FFBC1C,0
0665427E82,0
0125D1C6C3,0
4AE404D189,0
E1B2E2B632,0
E6A9AED5E7,0
31EA573B60,0
DB7D4CBCF5,0
D2C2A30BBD,0
78328F7B5A,0
6D78411036,0
68D0518F1D,0
DFBFBB1F34,0
D8EA9167E4,0
49F34C8361,0
769AC28420,0
C7CAFFAB34,0
17905A3861,0
B5844A85AD,0
5E03575727,0
77B14A7C59,0
DD6D7F2710,0
896F257E36,0
D12F125A33,0
81BEE1F0DE,0
E9D679FD27,0
D789A56ECA,0
3F018BA17C,0
B3764C086C,0
B579D93F3C,0
ECF1F26002,0
131DA4962D,0
730049E065,0
BB17006A63,0
7B8E172B66,0
FE1A7A2598,0
6172FAF0DD,0
DAD8D52C28,0
8D647EED28,0
9F74FBB693,0
7300FE105D,0
C4E0F2445F,0
88DE9A0DA4,0
B68637C002,0
B737DECC6E,0
98B0A29127,0
D620F72A3C,0
1D435D2349,0
D41ABE1C96,0
98C927CF89,0
0B450FA67F,0
8D4A3BB275,0
B32DC55C9C,0
B7FEADE8E3,0
D8A276BF30,0
AB001A03CC,0
107A44BC9B,0
19885F0860,0
09AC166B64,0
0B82408803,0
43A15DDE89,0
6FB0E4EF88,0
50DE07F13F,0
3DAF13E671,0
6FF97D0750,0
3C59DD40ED,0
CB9FF88AAC,0
B0885A6B6A,0
A465E89804,0
ED0602ECCF,0
B9F95E901E,0
DCBE5DDA63,0
BB745EA3C1,0
DA029182F0,0
87D160DF61,0
81A37EC9AC,0
019AE1E661,0
54F09F43B3,0
987B12DA46,0
2A593B6732,0
DB9EDFE750,0
2B4377BC32,0
2F1E75AAD9,0
6AB9C58C18,0
3916F48FD9,0
BBAC3FC2EE,0
0CFF03FCC1,0
8E5CC39832,0
89BD0A4EF1,0
AFE75C7A36,0
A850C101B5,0
97C33A960F,0
6D0424D6E6,0
561D588A9C,0
22FABFA5B6,0
52A9CD0385,0
49F1057AEC,0
BC7E817CDE,0
7EE4993750,0
56283D543A,0
4C01D73073,0
943EEFB9B6,0
63785071BD,0
695507C638,0
37BF313921,0
5E586D29BD,0
B94FC929D8,0
40F9EB7B00,0
36063E5BF3,0
2F4B0CE443,0
3787598C28,0
BF18A8E759,0
BAF4F42D39,0
13F52C4859,0
5535C96638,0
0A658E0936,0
6D55955B1A,0
C56B5CDC6B,0
1989FCD6FD,0
7D0026F72E,0
76AAF99B64,0
0BC06803FF,0
AEC487159E,0
2B9A1CC814,0
F9607BA38B,0
7F0F326EA2,0
13F90261D1,0
B509A8A1E7,0
46F586838F,0
8722663F31,0
CF26F3A06A,0
4F8DE26892,0
1C702E88FB,0
844427FE89,0
C276EF0A58,0
BA9DF7ADEE,0
F2CA25AB1A,0
169A298863,0
657F18C6AE,0
39D563929F,0
46A3A23476,0
5119433930,0
C722755EAE,0
DA7AE1BA0F,0
4D4BC8FBBC,0
0B6830EE15,0
226D535F81,0
A33867A445,0
AC9452A124,0
C5D38BB72E,0
933DD144D6,0
5086F1BCE6,0
00C22FC0EA,0
B35961761D,0
944B3EC9DB,0
C2EFD314BA,0
2C500069BC,0
D55C79699E,0
CEA7DC65DD,0
EAAE22DA59,0
CB067524B6,0
95CA6CE44E,0
BE23F3CC81,0
7350B1E247,0
F036D71AF0,0
84BFE30019,0
BE73FDE831,0
A383435481,0
C5EB5E8942,0
1F17AF4D18,0
C687A5BC34,0
6662BC3C54,0
F67FC5C3E2,0
5423C4446B,0
E6C7BCED4B,0
30B1181054,0
27C5695794,0
4CA2009524,0
0835E0E6D8,0
369B636E2F,0
C295EDF8BF,0
7B1861BDDA,0
2801F95BCD,0
A5822E30CE,0
3B8478E1DC,0
9480733643,0
B4EA17A404,0
A06E7B2B3D,0
95A9B0E62F,0
D0EAEC6852,0
5F255A0964,0
